{"cameraMode":{"drawMode":0,"name":"Shaded","section":"Shading Mode"},"sceneLighting":true,"audioPlay":false,"sceneViewState":{"showFog":true,"showMaterialUpdate":false,"showSkybox":true,"showFlares":true,"showImageEffects":true,"showParticleSystems":true},"in2DMode":false,"pivot":{"x":-2.003068447113037,"y":3.660550355911255,"z":4.829666614532471},"rotation":{"x":-0.03077722154557705,"y":0.9624902606010437,"z":-0.2395188808441162,"w":-0.12367690354585648},"size":5.31848669052124,"orthographic":false}