{"cameraMode":{"drawMode":0,"name":"Shaded","section":"Shading Mode"},"sceneLighting":false,"audioPlay":false,"sceneViewState":{"showFog":true,"showMaterialUpdate":false,"showSkybox":true,"showFlares":true,"showImageEffects":true,"showParticleSystems":true},"in2DMode":false,"pivot":{"x":-0.006891630589962006,"y":0.49999991059303286,"z":0.006466828286647797},"rotation":{"x":-0.10852333158254624,"y":0.8884828686714172,"z":-0.27425506711006167,"w":-0.35157522559165957},"size":3.4463980197906496,"orthographic":false}