{"cameraMode":{"drawMode":0,"name":"Shaded","section":"Shading Mode"},"sceneLighting":true,"audioPlay":false,"sceneViewState":{"showFog":true,"showMaterialUpdate":true,"showSkybox":true,"showFlares":true,"showImageEffects":true,"showParticleSystems":true},"in2DMode":false,"pivot":{"x":-0.6066981554031372,"y":0.026415156200528146,"z":0.6175751090049744},"rotation":{"x":0.2336142212152481,"y":-0.011672436259686947,"z":0.002803346375003457,"w":0.972255289554596},"size":24.129261016845704,"orthographic":true}