{"cameraMode":{"drawMode":0,"name":"Shaded","section":"Shading Mode"},"sceneLighting":false,"audioPlay":false,"sceneViewState":{"showFog":true,"showMaterialUpdate":true,"showSkybox":true,"showFlares":true,"showImageEffects":true,"showParticleSystems":true},"in2DMode":false,"pivot":{"x":0.051815032958984378,"y":-0.7059121131896973,"z":1.2711305618286133},"rotation":{"x":-0.00598280131816864,"y":0.9291683435440064,"z":-0.3693019151687622,"w":-0.015053199604153633},"size":22.4636287689209,"orthographic":false}