{"cameraMode":{"drawMode":0,"name":"Shaded","section":"Shading Mode"},"sceneLighting":true,"audioPlay":false,"sceneViewState":{"showFog":true,"showMaterialUpdate":true,"showSkybox":true,"showFlares":true,"showImageEffects":true,"showParticleSystems":true},"in2DMode":false,"pivot":{"x":15.638154983520508,"y":-5.889807224273682,"z":-2.683255195617676},"rotation":{"x":-0.0009020602446980774,"y":0.9424803256988525,"z":-0.334250807762146,"w":-0.0025429974775761368},"size":29.061792373657228,"orthographic":false}