{"cameraMode":{"drawMode":0,"name":"Shaded","section":"Shading Mode"},"sceneLighting":true,"audioPlay":false,"sceneViewState":{"showFog":true,"showMaterialUpdate":true,"showSkybox":true,"showFlares":true,"showImageEffects":true,"showParticleSystems":true},"in2DMode":false,"pivot":{"x":-165.97544860839845,"y":61.76021957397461,"z":547.8204956054688},"rotation":{"x":-0.05824766308069229,"y":0.9417501091957092,"z":-0.2352685183286667,"w":-0.23315800726413728},"size":14.334196090698243,"orthographic":false}