{"cameraMode":{"drawMode":0,"name":"Shaded","section":"Shading Mode"},"sceneLighting":true,"audioPlay":false,"sceneViewState":{"showFog":true,"showMaterialUpdate":true,"showSkybox":true,"showFlares":true,"showImageEffects":true,"showParticleSystems":true},"in2DMode":false,"pivot":{"x":-0.05887323617935181,"y":-2.8059945106506349,"z":0.8473405241966248},"rotation":{"x":-0.24204766750335694,"y":0.6650795340538025,"z":-0.2426292896270752,"w":-0.6634857654571533},"size":37.09720230102539,"orthographic":false}