{"cameraMode":{"drawMode":0,"name":"Shaded","section":"Shading Mode"},"sceneLighting":false,"audioPlay":false,"sceneViewState":{"showFog":true,"showMaterialUpdate":true,"showSkybox":true,"showFlares":true,"showImageEffects":true,"showParticleSystems":true},"in2DMode":false,"pivot":{"x":0.9030572175979614,"y":1.25,"z":1.4636656045913697},"rotation":{"x":-0.24204766750335694,"y":0.6650795340538025,"z":-0.2426292896270752,"w":-0.6634857654571533},"size":4.041658401489258,"orthographic":false}