{"cameraMode":{"drawMode":0,"name":"Shaded","section":"Shading Mode"},"sceneLighting":false,"audioPlay":false,"sceneViewState":{"showFog":true,"showMaterialUpdate":false,"showSkybox":true,"showFlares":true,"showImageEffects":true,"showParticleSystems":true},"in2DMode":false,"pivot":{"x":-0.3826743960380554,"y":40.39969253540039,"z":-6.762131214141846},"rotation":{"x":-0.5132535099983215,"y":0.48654410243034365,"z":-0.5098762512207031,"w":-0.48976728320121767},"size":4.039749622344971,"orthographic":false}